Age,Sex,Job,Housing,Saving accounts,Checking account,Duration,Purpose,Risk,Credit amount,Recovered_Principle,Recoveries,type
67,male,2,own,NA,little,6,radio/TV,good,17000,17000,0,CRM Data
22,female,2,own,little,moderate,48,radio/TV,bad,11000,9942.67,0,CRM Data
49,male,1,own,little,NA,12,education,good,32200,32200,0,CRM Data
45,male,2,free,little,little,42,furniture/equipment,good,12000,12000,0,CRM Data
53,male,2,free,little,little,24,car,bad,7000,167.56,0,CRM Data
35,male,1,free,NA,NA,36,education,good,17300,17300,0,CRM Data
53,male,2,own,quite rich,NA,24,furniture/equipment,good,25575,25575,0,CRM Data
35,male,3,rent,little,moderate,36,car,good,7500,7500,0,CRM Data
61,male,1,own,rich,NA,12,radio/TV,good,20000,20000,0,CRM Data
28,male,3,own,little,moderate,30,car,bad,10000,235.76,0,CRM Data
25,female,2,rent,little,moderate,12,car,bad,9550,195.78,0,CRM Data
24,female,2,rent,little,little,48,business,bad,24000,273.56,0,CRM Data
22,female,2,own,little,moderate,12,radio/TV,good,23000,23000,0,CRM Data
60,male,1,own,little,little,24,car,bad,15000,188.69,0,CRM Data
28,female,2,rent,little,little,15,car,good,5000,5000,0,CRM Data
32,female,1,own,moderate,little,24,radio/TV,bad,24650,522.36,0,CRM Data
53,male,2,own,NA,NA,24,radio/TV,good,18000,18000,0,CRM Data
25,male,2,own,NA,little,30,business,good,35000,35000,0,CRM Data
44,female,3,free,little,moderate,24,car,bad,28500,731.72,5201.51,CRM Data
31,male,2,own,quite rich,NA,24,radio/TV,good,20000,20000,0,CRM Data
48,male,2,own,little,NA,9,car,good,24000,24000,0,CRM Data
44,male,2,rent,quite rich,little,6,radio/TV,good,26125,26125,0,CRM Data
48,male,1,rent,little,little,10,car,good,10000,10000,0,CRM Data
44,male,2,own,moderate,moderate,12,car,good,30000,30000,0,CRM Data
26,male,2,own,NA,NA,10,furniture/equipment,good,24000,24000,0,CRM Data
36,male,1,own,little,little,6,furniture/equipment,good,15050,15050,0,CRM Data
39,male,1,own,little,NA,6,radio/TV,good,32150,32150,0,CRM Data
42,female,2,rent,rich,rich,12,radio/TV,good,14175,14175,0,CRM Data
34,male,2,own,little,moderate,7,radio/TV,good,3000,3000,0,CRM Data
63,male,2,own,little,little,60,business,bad,25000,574.25,5146.5,CRM Data
36,male,2,own,rich,moderate,18,business,good,15450,15450,0,CRM Data
27,male,2,own,little,little,24,furniture/equipment,good,10000,10000,0,CRM Data
30,male,2,own,moderate,moderate,18,car,good,31050,31050,0,CRM Data
57,male,1,rent,NA,NA,12,business,good,12000,12000,0,CRM Data
33,female,3,own,little,rich,12,furniture/equipment,good,12200,12200,0,CRM Data
25,male,1,own,little,moderate,45,radio/TV,bad,27500,0,5008,CRM Data
31,male,2,free,little,NA,48,education,good,7200,7200,0,CRM Data
37,male,2,own,little,rich,18,radio/TV,bad,23475,220.04,4988.3,CRM Data
37,male,2,own,little,rich,10,domestic appliances,good,10000,10000,0,CRM Data
24,male,2,own,little,moderate,9,radio/TV,good,25000,25000,0,CRM Data
30,male,3,own,quite rich,NA,30,radio/TV,good,21000,21000,0,CRM Data
26,male,2,own,quite rich,moderate,12,radio/TV,good,15000,15000,0,CRM Data
44,male,1,own,little,moderate,18,repairs,good,15850,15850,0,CRM Data
24,male,2,rent,moderate,little,30,car,good,3950,3950,0,CRM Data
58,female,1,free,little,little,48,car,bad,24000,967.52,4958.04,CRM Data
35,female,3,own,little,NA,11,car,good,30000,30000,0,CRM Data
39,male,2,own,quite rich,NA,36,radio/TV,good,35000,35000,0,CRM Data
23,female,0,rent,quite rich,little,6,car,good,5600,5600,0,CRM Data
39,male,1,own,little,NA,11,car,good,12275,12275,0,CRM Data
28,female,2,own,moderate,NA,12,radio/TV,good,12000,12000,0,CRM Data
29,male,1,own,NA,moderate,24,furniture/equipment,good,18000,18000,0,CRM Data
30,male,3,own,little,moderate,27,car,good,6000,6000,0,CRM Data
25,male,2,own,little,NA,12,radio/TV,good,14000,14000,0,CRM Data
31,male,2,own,NA,NA,18,car,good,12000,12000,0,CRM Data
57,male,2,free,little,moderate,36,car,bad,27425,715.92,4934.6,CRM Data
26,male,1,own,NA,NA,6,car,good,3000,144.23,0,CRM Data
52,male,3,own,NA,moderate,12,radio/TV,bad,27325,548.79,4894.68,CRM Data
31,female,2,own,little,NA,36,radio/TV,good,10000,10000,0,CRM Data
23,female,3,own,little,rich,18,car,good,6500,6500,0,CRM Data
23,female,1,rent,little,little,36,furniture/equipment,bad,24700,1548.79,4877.96,CRM Data
27,male,2,own,little,moderate,9,business,good,8200,8200,0,CRM Data
50,male,2,own,NA,moderate,15,radio/TV,good,5850,5850,0,CRM Data
61,male,3,free,little,moderate,36,business,bad,30000,2188.01,0,CRM Data
25,male,2,own,little,moderate,48,business,bad,27000,601.73,4742.91,CRM Data
26,female,2,own,little,NA,24,radio/TV,good,20000,20000,0,CRM Data
48,male,2,own,NA,NA,27,repairs,good,5000,5000,0,CRM Data
29,female,2,own,little,NA,12,radio/TV,good,20000,20000,0,CRM Data
22,male,2,own,rich,moderate,12,car,good,28800,28800,0,CRM Data
37,male,2,free,little,NA,36,education,bad,28000,1899.13,0,CRM Data
25,female,2,own,NA,NA,36,radio/TV,good,5500,5500,0,CRM Data
30,female,2,own,little,NA,36,car,good,5000,5000,0,CRM Data
46,male,1,rent,NA,NA,7,radio/TV,good,4250,4250,0,CRM Data
51,male,3,free,little,little,8,vacation/others,good,19200,19200,0,CRM Data
41,female,1,own,little,moderate,42,business,good,5000,5000,0,CRM Data
40,male,3,own,NA,little,36,education,bad,27500,1264.35,4683.02,CRM Data
66,male,3,free,little,little,12,car,good,10050,10050,0,CRM Data
34,male,2,own,little,little,42,radio/TV,bad,25525,0,0,CRM Data
51,male,2,own,little,moderate,11,radio/TV,good,15000,15000,0,CRM Data
39,male,1,own,NA,NA,54,car,good,13000,13000,0,CRM Data
22,male,2,own,little,moderate,30,furniture/equipment,good,3025,128.46,0,CRM Data
44,female,2,own,NA,NA,24,radio/TV,bad,26400,823.46,4663.45,CRM Data
47,male,2,own,quite rich,NA,15,radio/TV,good,4200,4200,0,CRM Data
24,female,1,rent,moderate,NA,18,business,good,15000,15000,0,CRM Data
58,female,1,own,little,little,24,vacation/others,good,35000,35000,0,CRM Data
52,male,1,own,little,little,10,radio/TV,good,12000,12000,0,CRM Data
29,female,3,own,little,NA,12,business,good,1900,1900,0,CRM Data
27,female,2,own,little,moderate,18,furniture/equipment,good,28000,28000,0,CRM Data
47,male,2,free,moderate,moderate,36,education,bad,26000,551.17,4571.56,CRM Data
30,male,3,own,moderate,little,18,car,good,11850,11850,0,CRM Data
28,male,2,own,little,little,12,repairs,bad,22500,859.21,0,CRM Data
56,male,2,own,little,NA,12,radio/TV,good,5625,5625,0,CRM Data
54,male,2,own,little,little,12,car,good,10000,10000,0,CRM Data
33,female,1,own,NA,NA,12,radio/TV,bad,25000,652.45,4550.73,CRM Data
20,male,2,rent,NA,rich,24,furniture/equipment,good,10900,10900,0,CRM Data
54,male,2,own,rich,moderate,12,car,good,1600,1600,0,CRM Data
58,male,2,rent,little,moderate,54,business,bad,24800,206.21,4527.17,CRM Data
61,female,2,own,NA,NA,12,education,good,6000,6000,0,CRM Data
34,male,2,own,moderate,moderate,18,business,good,5000,5000,0,CRM Data
36,male,2,own,little,moderate,36,radio/TV,good,23000,23000,0,CRM Data
36,male,3,rent,NA,moderate,20,car,good,27000,27000,0,CRM Data
41,male,1,rent,moderate,NA,24,car,good,11950,11950,0,CRM Data
24,male,2,rent,little,moderate,36,radio/TV,good,5000,5000,0,CRM Data
24,female,2,own,little,NA,6,radio/TV,good,8000,8000,0,CRM Data
35,male,2,rent,little,moderate,9,furniture/equipment,good,10000,10000,0,CRM Data
26,male,2,rent,NA,NA,12,car,good,16000,16000,0,CRM Data
39,male,3,own,little,moderate,24,vacation/others,bad,24000,2953.29,4434.54,CRM Data
39,male,3,own,little,NA,18,car,bad,25000,545.6,4423.25,CRM Data
32,male,2,own,little,moderate,12,car,good,5000,5000,0,CRM Data
30,female,2,own,NA,little,24,furniture/equipment,good,30000,30000,0,CRM Data
35,male,2,own,quite rich,moderate,14,business,good,22500,22500,0,CRM Data
31,male,2,own,moderate,moderate,6,business,good,25200,25200,0,CRM Data
23,female,2,rent,little,rich,15,education,good,25000,25000,0,CRM Data
28,male,1,rent,little,moderate,18,car,good,24000,24000,0,CRM Data
25,female,2,own,little,NA,36,car,bad,24125,0,0,CRM Data
35,male,2,own,quite rich,little,12,radio/TV,good,15000,15000,0,CRM Data
47,male,2,own,NA,NA,48,radio/TV,good,8000,8000,0,CRM Data
30,female,3,own,NA,little,42,radio/TV,bad,25000,548.91,4402.3,CRM Data
27,female,2,rent,NA,little,10,furniture/equipment,good,35000,35000,0,CRM Data
23,female,2,own,quite rich,little,33,furniture/equipment,bad,20000,583.47,4377.3,CRM Data
36,male,3,own,quite rich,moderate,12,car,good,9600,9600,0,CRM Data
25,female,2,own,little,little,21,radio/TV,bad,24000,0,0,CRM Data
41,female,3,rent,little,NA,24,car,good,15000,15000,0,CRM Data
24,male,1,rent,little,NA,12,furniture/equipment,good,4000,4000,0,CRM Data
63,male,2,free,little,rich,10,car,good,6500,6500,0,CRM Data
27,female,2,rent,NA,moderate,18,furniture/equipment,bad,25000,577.79,4339.99,CRM Data
30,male,2,own,little,little,12,car,good,20000,20000,0,CRM Data
40,male,1,own,little,little,12,radio/TV,good,15100,15100,0,CRM Data
30,male,2,own,little,moderate,12,repairs,bad,25000,585.36,4330.99,CRM Data
34,male,3,own,little,moderate,12,car,good,31000,31000,0,CRM Data
29,female,2,own,little,little,12,car,bad,24125,929.97,4329.46,CRM Data
24,female,2,own,NA,moderate,48,car,good,5000,5000,0,CRM Data
29,male,2,own,little,little,36,education,bad,25000,1105.31,4309.18,CRM Data
27,male,1,own,little,NA,15,furniture/equipment,good,3000,3000,0,CRM Data
47,male,2,free,little,NA,18,furniture/equipment,good,16000,16000,0,CRM Data
21,female,2,own,moderate,NA,60,radio/TV,good,15000,15000,0,CRM Data
38,female,2,own,NA,NA,12,radio/TV,good,25000,25000,0,CRM Data
27,male,2,own,rich,NA,27,car,good,4800,4800,0,CRM Data
66,male,1,own,quite rich,moderate,12,radio/TV,bad,23675,0,0,CRM Data
35,male,2,own,NA,moderate,15,radio/TV,good,22000,22000,0,CRM Data
44,female,1,rent,little,rich,12,radio/TV,good,12725,12725,0,CRM Data
27,male,0,own,rich,rich,6,car,good,10000,10000,0,CRM Data
30,female,3,own,little,moderate,36,radio/TV,good,23100,23100,0,CRM Data
27,male,3,own,little,little,27,radio/TV,good,10000,10000,0,CRM Data
22,male,2,own,little,little,18,furniture/equipment,bad,24075,510.36,4280.05,CRM Data
23,female,2,own,little,NA,21,furniture/equipment,good,19000,19000,0,CRM Data
30,male,2,own,moderate,moderate,48,business,good,6400,557.26,0,CRM Data
39,female,2,own,little,little,6,car,good,6000,6000,0,CRM Data
51,female,2,own,moderate,NA,12,car,good,10800,10800,0,CRM Data
28,male,2,own,little,little,36,furniture/equipment,good,16000,16000,0,CRM Data
46,male,2,own,rich,NA,18,radio/TV,good,9350,9350,0,CRM Data
42,male,2,free,moderate,NA,6,radio/TV,good,35000,35000,0,CRM Data
38,male,2,own,little,NA,10,radio/TV,good,12000,12000,0,CRM Data
24,male,2,own,little,rich,36,radio/TV,good,1000,1000,0,CRM Data
29,female,2,rent,rich,moderate,24,car,good,5000,5000,0,CRM Data
36,male,3,rent,moderate,moderate,24,business,good,35000,35000,0,CRM Data
20,female,2,rent,little,little,12,furniture/equipment,bad,20000,203.06,4236.7,CRM Data
48,male,2,own,moderate,little,9,repairs,good,11000,11000,0,CRM Data
45,male,1,own,little,little,12,education,good,12000,12000,0,CRM Data
38,male,2,own,moderate,moderate,24,car,good,2300,2300,0,CRM Data
34,male,1,own,NA,NA,6,radio/TV,good,8975,8975,0,CRM Data
36,male,2,own,moderate,NA,24,radio/TV,good,12000,12000,0,CRM Data
30,female,2,own,little,NA,18,car,good,12000,12000,0,CRM Data
36,male,2,own,quite rich,NA,15,domestic appliances,good,32000,32000,0,CRM Data
70,male,3,free,little,moderate,10,car,good,8000,8000,0,CRM Data
36,male,2,own,quite rich,NA,36,car,good,20000,20000,0,CRM Data
32,male,2,own,quite rich,NA,6,furniture/equipment,good,25000,25000,0,CRM Data
33,female,2,own,little,little,18,furniture/equipment,bad,20000,743.15,4218.83,CRM Data
20,female,2,own,rich,moderate,11,furniture/equipment,good,13200,13200,0,CRM Data
25,female,2,rent,little,NA,24,furniture/equipment,good,12000,12000,0,CRM Data
31,male,2,own,little,moderate,24,business,bad,20000,396.48,4199.27,CRM Data
33,male,2,rent,little,little,15,car,bad,24000,545.88,4185.14,CRM Data
26,female,2,own,little,NA,12,furniture/equipment,good,3600,3600,0,CRM Data
34,female,3,own,little,moderate,24,furniture/equipment,bad,25000,1700.37,4180.91,CRM Data
33,male,2,own,little,moderate,8,radio/TV,good,15000,15000,0,CRM Data
26,male,2,own,little,little,21,education,bad,22400,196.47,4128.7,CRM Data
53,female,3,own,NA,NA,30,car,bad,23075,494.71,4089.81,CRM Data
42,male,2,own,little,little,12,furniture/equipment,good,25000,1047.5,0,CRM Data
52,male,2,own,quite rich,little,6,radio/TV,good,5000,5000,0,CRM Data
31,male,3,rent,little,NA,12,radio/TV,good,20000,20000,0,CRM Data
65,male,2,own,little,little,21,car,good,11000,11000,0,CRM Data
28,male,2,own,little,NA,36,business,bad,20000,969.44,4053.15,CRM Data
30,male,3,own,little,moderate,36,business,bad,24000,949.86,4050.71,CRM Data
40,male,1,own,NA,little,21,car,bad,20000,1168.04,3967.89,CRM Data
50,male,2,own,rich,NA,24,furniture/equipment,good,17275,17275,0,CRM Data
36,male,2,own,little,moderate,18,car,bad,21825,0,0,CRM Data
31,male,2,own,little,NA,15,radio/TV,good,6000,6000,0,CRM Data
74,female,3,free,little,moderate,9,car,bad,22800,537.53,3942.12,CRM Data
68,male,0,free,little,moderate,16,car,good,35000,35000,0,CRM Data
20,male,2,own,moderate,little,12,radio/TV,bad,20100,1477.43,3923.78,CRM Data
33,female,2,own,little,moderate,18,furniture/equipment,good,20000,20000,0,CRM Data
54,male,3,own,rich,NA,24,business,bad,22200,271.91,3896.31,CRM Data
34,male,1,free,moderate,moderate,48,business,bad,20000,1807.02,3881.14,CRM Data
36,male,2,own,little,moderate,27,business,bad,22000,712.64,3860.27,CRM Data
29,male,2,rent,little,NA,6,radio/TV,good,6000,6000,0,CRM Data
21,male,2,rent,moderate,moderate,45,radio/TV,bad,22950,1560.95,3838.07,CRM Data
34,female,3,own,little,moderate,9,education,bad,21350,228.21,3827.89,CRM Data
28,female,2,own,little,NA,6,radio/TV,good,15000,15000,0,CRM Data
27,female,2,rent,moderate,moderate,12,furniture/equipment,bad,22000,510.79,3814.24,CRM Data
36,male,2,free,NA,moderate,24,car,good,19000,19000,0,CRM Data
40,male,3,own,little,moderate,18,furniture/equipment,bad,20950,205.95,3803.56,CRM Data
52,male,2,own,quite rich,NA,9,education,good,20150,20150,0,CRM Data
27,male,1,own,little,little,12,car,good,16800,16800,0,CRM Data
26,male,2,own,little,NA,27,business,good,25000,25000,0,CRM Data
21,male,2,rent,little,little,12,education,bad,21000,404.88,3790.9,CRM Data
38,male,1,own,little,NA,12,car,good,24000,24000,0,CRM Data
38,male,3,free,little,little,30,car,good,22500,22500,0,CRM Data
43,male,2,own,little,NA,12,furniture/equipment,good,4000,4000,0,CRM Data
26,male,2,own,little,moderate,12,domestic appliances,good,4500,4500,0,CRM Data
21,male,1,own,little,little,24,business,good,35000,35000,0,CRM Data
55,male,2,own,rich,NA,12,car,good,34000,34000,0,CRM Data
33,male,2,own,NA,NA,9,radio/TV,good,20000,20000,0,CRM Data
45,female,1,own,NA,NA,36,radio/TV,good,4800,4800,0,CRM Data
50,male,2,own,little,little,27,business,bad,22000,816.46,3764.12,CRM Data
66,male,3,own,little,rich,30,business,bad,14000,0,0,CRM Data
51,male,2,own,NA,NA,36,radio/TV,good,15600,15600,0,CRM Data
39,female,1,own,NA,moderate,6,education,good,20000,20000,0,CRM Data
31,male,2,own,little,little,18,business,good,23500,23500,0,CRM Data
23,male,2,own,little,rich,36,radio/TV,good,5750,5750,0,CRM Data
24,male,1,rent,little,little,24,furniture/equipment,good,12800,12800,0,CRM Data
64,female,2,own,little,NA,10,car,good,15000,15000,0,CRM Data
26,male,1,own,little,moderate,12,radio/TV,good,3000,3000,0,CRM Data
23,female,2,rent,NA,little,12,education,good,4325,4325,0,CRM Data
30,male,2,own,little,NA,12,radio/TV,good,10550,10550,0,CRM Data
32,male,2,own,NA,NA,24,business,good,35000,35000,0,CRM Data
30,male,2,own,little,NA,15,car,good,25000,25000,0,CRM Data
27,male,2,own,little,NA,36,repairs,good,7000,7000,0,CRM Data
27,male,2,own,rich,moderate,48,radio/TV,bad,18000,623.05,3661.32,CRM Data
53,male,3,free,little,little,12,furniture/equipment,bad,20000,200.79,0,CRM Data
22,male,2,own,little,NA,9,radio/TV,bad,20000,208.68,3598.98,CRM Data
22,male,2,free,little,little,24,furniture/equipment,good,30000,30000,0,CRM Data
26,male,2,own,little,rich,36,radio/TV,bad,20800,932.75,3569.63,CRM Data
51,male,1,free,quite rich,NA,9,car,good,19350,19350,0,CRM Data
35,male,2,own,moderate,NA,12,radio/TV,good,35000,35000,0,CRM Data
25,male,1,own,little,moderate,18,radio/TV,good,10000,10000,0,CRM Data
42,male,1,own,little,NA,4,radio/TV,good,20800,20800,0,CRM Data
30,male,3,own,little,little,24,radio/TV,bad,20000,0,0,CRM Data
23,male,0,own,NA,moderate,6,car,bad,21000,980.04,3559.35,CRM Data
61,male,1,rent,moderate,moderate,21,business,bad,20000,225.87,3555.63,CRM Data
35,female,2,own,little,NA,12,radio/TV,good,6000,6000,0,CRM Data
39,male,2,own,little,little,30,radio/TV,good,4150,4150,0,CRM Data
29,female,2,own,NA,little,24,car,bad,19150,172.86,3519.96,CRM Data
51,male,2,own,little,NA,6,radio/TV,good,18600,18600,0,CRM Data
24,male,2,free,little,little,48,car,bad,20000,448.07,3508.13,CRM Data
27,female,2,own,little,NA,12,business,good,6200,6200,0,CRM Data
35,female,1,own,quite rich,NA,12,education,good,25000,25000,0,CRM Data
25,male,2,own,little,NA,24,business,good,35000,35000,0,CRM Data
52,male,2,own,little,NA,12,radio/TV,good,22800,22800,0,CRM Data
35,male,2,rent,moderate,NA,6,car,good,8150,8150,0,CRM Data
26,male,2,own,little,rich,24,furniture/equipment,good,7000,7000,0,CRM Data
22,female,2,rent,little,NA,18,radio/TV,bad,20000,659.25,3498.35,CRM Data
39,female,1,own,rich,little,6,car,good,25000,25000,0,CRM Data
46,female,1,own,little,rich,12,furniture/equipment,good,12000,12000,0,CRM Data
24,female,2,own,little,moderate,30,car,bad,3600,233.39,3472.19,CRM Data
35,male,2,own,moderate,NA,24,furniture/equipment,good,10500,10500,0,CRM Data
24,male,2,own,NA,moderate,9,furniture/equipment,good,5400,5400,0,CRM Data
27,male,1,own,NA,moderate,60,radio/TV,good,18000,18000,0,CRM Data
35,male,1,own,little,NA,24,radio/TV,good,8150,8150,0,CRM Data
29,male,2,free,little,little,12,radio/TV,bad,16575,432.59,3472.03,CRM Data
23,female,2,own,moderate,NA,15,car,good,4000,4000,0,CRM Data
57,female,1,own,moderate,NA,11,radio/TV,good,25000,25000,0,CRM Data
27,male,2,own,little,little,12,furniture/equipment,good,3600,3600,0,CRM Data
55,female,2,own,little,little,24,radio/TV,good,14400,14400,0,CRM Data
36,male,3,free,little,little,18,car,good,6000,6000,0,CRM Data
57,female,1,free,little,NA,12,education,good,24000,24000,0,CRM Data
32,male,1,own,little,NA,10,car,good,25000,25000,0,CRM Data
37,male,2,own,little,moderate,15,radio/TV,bad,20000,892.29,3437.77,CRM Data
36,male,2,own,NA,NA,36,business,good,12000,12000,0,CRM Data
38,female,2,own,little,NA,24,radio/TV,good,15000,15000,0,CRM Data
45,male,3,own,little,little,14,car,bad,20000,896.89,3426.51,CRM Data
25,male,2,own,NA,NA,24,radio/TV,good,15000,15000,0,CRM Data
32,male,2,own,NA,NA,18,car,good,10725,10725,0,CRM Data
37,female,2,rent,quite rich,NA,12,furniture/equipment,good,33425,33425,0,CRM Data
36,male,3,free,NA,moderate,48,car,good,11625,11625,0,CRM Data
28,male,2,own,little,moderate,48,radio/TV,bad,16825,599.69,3418.67,CRM Data
34,male,1,own,little,little,30,repairs,bad,18075,163.15,0,CRM Data
32,male,2,own,little,NA,9,radio/TV,good,18000,18000,0,CRM Data
26,female,2,own,little,NA,18,radio/TV,good,5000,5000,0,CRM Data
49,male,1,own,NA,little,12,furniture/equipment,good,9000,9000,0,CRM Data
32,female,2,own,little,NA,6,furniture/equipment,bad,15000,0,3276.44,CRM Data
29,male,3,rent,moderate,NA,24,radio/TV,good,8325,8325,0,CRM Data
23,male,2,rent,rich,NA,15,car,good,8000,8000,0,CRM Data
50,male,2,own,little,NA,12,furniture/equipment,good,20000,20000,0,CRM Data
49,male,1,own,NA,rich,18,radio/TV,good,16100,16100,0,CRM Data
63,male,2,own,NA,NA,15,furniture/equipment,good,24000,24000,0,CRM Data
37,male,2,own,moderate,moderate,24,car,good,14400,14400,0,CRM Data
35,female,1,own,little,little,47,car,good,21000,21000,0,CRM Data
26,male,2,own,little,little,48,car,good,3500,3500,0,CRM Data
31,male,3,free,moderate,moderate,48,vacation/others,good,12000,12000,0,CRM Data
49,female,2,own,little,moderate,12,radio/TV,good,25000,25000,0,CRM Data
48,male,2,own,little,little,24,radio/TV,bad,18725,642.35,3251.56,CRM Data
26,male,2,own,little,NA,12,business,good,7200,7200,0,CRM Data
28,male,3,rent,little,moderate,36,car,bad,18000,351.92,0,CRM Data
44,female,3,free,little,little,24,car,good,7000,7000,0,CRM Data
56,male,2,free,little,rich,42,car,good,18575,18575,0,CRM Data
46,male,3,own,NA,NA,48,business,good,10500,10500,0,CRM Data
26,female,2,own,little,moderate,48,furniture/equipment,bad,17750,332.76,3218.31,CRM Data
20,female,2,rent,NA,NA,12,car,good,13025,13025,0,CRM Data
45,male,1,own,NA,NA,10,car,good,16000,16000,0,CRM Data
43,male,2,own,little,NA,18,furniture/equipment,good,10000,10000,0,CRM Data
32,male,2,own,rich,moderate,21,furniture/equipment,good,10800,10800,0,CRM Data
54,female,0,own,little,NA,6,car,good,12000,12000,0,CRM Data
42,female,2,own,little,moderate,36,radio/TV,bad,17500,0,3189.2,CRM Data
37,male,1,own,NA,rich,24,car,bad,16825,298.09,3077.24,CRM Data
49,male,2,own,little,little,10,car,good,10000,10000,0,CRM Data
44,male,2,free,quite rich,NA,48,car,bad,17475,722.46,0,CRM Data
33,male,2,own,rich,NA,6,furniture/equipment,good,15000,15000,0,CRM Data
24,female,1,rent,NA,NA,30,car,good,7000,7000,0,CRM Data
33,male,1,own,moderate,little,12,radio/TV,bad,16700,643.77,2996.97,CRM Data
24,female,2,own,little,moderate,8,furniture/equipment,bad,16100,432.17,2917.31,CRM Data
22,male,1,rent,little,moderate,9,car,good,24000,24000,0,CRM Data
40,male,0,free,NA,moderate,48,vacation/others,good,3000,3000,0,CRM Data
25,male,2,own,moderate,NA,24,furniture/equipment,good,7000,7000,0,CRM Data
26,female,2,own,little,rich,24,furniture/equipment,good,4000,4000,0,CRM Data
25,male,1,own,little,moderate,12,car,bad,16000,0,0,CRM Data
29,male,1,own,NA,rich,4,car,good,20000,20000,0,CRM Data
31,male,2,own,little,little,36,furniture/equipment,bad,16000,166.95,2879.18,CRM Data
38,male,1,own,little,little,12,furniture/equipment,good,35000,35000,0,CRM Data
48,female,1,own,NA,moderate,24,furniture/equipment,good,3600,3600,0,CRM Data
32,male,2,own,little,NA,12,education,good,11450,11450,0,CRM Data
27,female,1,own,little,little,15,furniture/equipment,good,9000,9000,0,CRM Data
28,male,3,own,little,moderate,30,car,bad,14325,727.94,2864.9,CRM Data
32,male,2,own,little,little,24,radio/TV,bad,12000,0,2864.5,CRM Data
34,male,3,free,little,little,24,car,good,16000,16000,0,CRM Data
28,male,2,own,rich,little,18,furniture/equipment,good,12000,12000,0,CRM Data
36,female,2,own,little,NA,18,car,good,25750,25750,0,CRM Data
39,male,1,own,little,little,8,car,good,6000,6000,0,CRM Data
49,male,2,rent,NA,NA,12,furniture/equipment,good,35000,35000,0,CRM Data
34,female,2,own,rich,NA,24,car,good,21000,21000,0,CRM Data
31,male,2,own,little,rich,36,radio/TV,good,35000,35000,0,CRM Data
28,male,2,own,little,moderate,6,radio/TV,good,12000,12000,0,CRM Data
75,male,3,free,little,little,24,car,good,2000,2000,0,CRM Data
30,female,2,own,moderate,NA,18,education,bad,12800,124.07,0,CRM Data
24,female,3,own,moderate,moderate,60,car,bad,16000,332.8,0,CRM Data
24,female,1,rent,moderate,NA,48,car,bad,15275,0,2850.94,CRM Data
23,male,2,rent,little,little,24,furniture/equipment,bad,14000,893.95,0,CRM Data
44,male,3,rent,little,little,6,furniture/equipment,bad,14000,575.88,2828.46,CRM Data
23,female,1,own,little,moderate,13,radio/TV,good,35000,35000,0,CRM Data
24,female,2,rent,NA,little,15,domestic appliances,bad,16000,346.53,0,CRM Data
28,male,2,own,little,little,24,furniture/equipment,good,9600,9600,0,CRM Data
31,male,1,own,little,moderate,10,furniture/equipment,good,8000,8000,0,CRM Data
24,female,2,free,little,moderate,24,education,good,9900,9900,0,CRM Data
26,female,1,rent,little,little,21,furniture/equipment,good,6825,6825,0,CRM Data
25,male,2,rent,quite rich,moderate,18,radio/TV,good,21000,21000,0,CRM Data
33,male,3,own,little,moderate,18,business,good,4200,4200,0,CRM Data
37,male,1,own,little,rich,10,car,good,3000,3000,0,CRM Data
43,female,1,own,little,NA,15,radio/TV,good,27600,27600,0,CRM Data
23,male,2,own,little,moderate,13,radio/TV,good,13500,13500,0,CRM Data
23,female,0,rent,quite rich,moderate,24,radio/TV,good,6500,6500,0,CRM Data
34,male,1,own,moderate,NA,6,business,good,15000,15000,0,CRM Data
32,male,2,free,rich,moderate,9,education,bad,15000,0,2820.97,CRM Data
23,female,2,rent,little,NA,9,domestic appliances,good,15000,15000,0,CRM Data
29,female,2,own,little,moderate,9,furniture/equipment,bad,16200,706.55,0,CRM Data
38,male,3,own,NA,NA,18,car,good,10000,10000,0,CRM Data
28,male,2,rent,little,little,12,radio/TV,bad,16000,669.13,2799.45,CRM Data
46,male,2,free,quite rich,NA,10,education,good,19225,19225,0,CRM Data
23,male,1,own,little,moderate,24,car,bad,16150,699.04,2788.78,CRM Data
49,male,2,own,NA,NA,12,radio/TV,good,19450,19450,0,CRM Data
26,male,3,own,little,NA,36,radio/TV,bad,16000,409.71,2753.64,CRM Data
28,male,2,own,little,NA,12,radio/TV,good,12000,12000,0,CRM Data
23,female,2,rent,little,little,30,furniture/equipment,bad,14000,964.06,2746.67,CRM Data
61,male,2,free,NA,moderate,18,education,good,10000,10000,0,CRM Data
37,male,3,own,NA,rich,12,radio/TV,good,11000,11000,0,CRM Data
36,female,2,own,little,rich,12,car,good,4500,4500,0,CRM Data
21,male,2,rent,little,NA,6,furniture/equipment,good,14400,14400,0,CRM Data
25,male,0,own,little,little,18,furniture/equipment,bad,15475,639.77,0,CRM Data
36,male,2,own,little,NA,12,business,good,18800,18800,0,CRM Data
27,male,2,own,little,NA,18,car,good,12000,12000,0,CRM Data
22,female,2,rent,little,little,18,furniture/equipment,good,5050,5050,0,CRM Data
42,male,2,own,little,little,36,furniture/equipment,bad,15000,459.08,2673.6,CRM Data
40,female,2,rent,little,moderate,18,furniture/equipment,good,9600,9600,0,CRM Data
36,male,2,own,NA,NA,36,car,good,15000,15000,0,CRM Data
33,male,2,own,little,NA,18,radio/TV,good,6000,6000,0,CRM Data
23,female,2,rent,little,NA,10,furniture/equipment,good,20000,20000,0,CRM Data
63,male,3,free,NA,NA,60,car,good,15000,15000,0,CRM Data
60,female,3,free,moderate,moderate,60,vacation/others,bad,12250,277.21,2670.64,CRM Data
37,female,2,rent,little,little,48,business,bad,16000,1109.41,0,CRM Data
34,male,2,own,little,NA,18,radio/TV,good,35000,35000,0,CRM Data
36,male,2,free,NA,NA,7,radio/TV,good,2100,2100,0,CRM Data
57,male,3,free,little,moderate,36,car,bad,15000,322.94,2659.95,CRM Data
52,female,1,own,moderate,NA,6,car,good,12000,12000,0,CRM Data
39,male,2,own,NA,little,20,furniture/equipment,good,8425,8425,0,CRM Data
38,female,3,free,little,moderate,18,car,bad,16000,1125.65,2640.13,CRM Data
25,female,2,rent,NA,NA,22,car,good,5750,975.46,0,CRM Data
26,male,2,own,little,rich,12,car,good,24000,24000,0,CRM Data
26,male,1,own,moderate,NA,30,business,good,30000,30000,0,CRM Data
25,female,2,own,little,NA,18,radio/TV,good,31500,31500,0,CRM Data
21,female,2,rent,NA,NA,18,radio/TV,good,7000,7000,0,CRM Data
40,male,3,own,little,moderate,18,furniture/equipment,good,2000,2000,0,CRM Data
27,male,2,own,quite rich,moderate,15,business,good,3000,3000,0,CRM Data
27,female,2,own,little,NA,9,business,good,10000,10000,0,CRM Data
30,male,3,own,little,NA,18,car,good,25000,25000,0,CRM Data
19,female,1,rent,rich,moderate,12,furniture/equipment,good,21300,21300,0,CRM Data
39,male,3,free,little,little,36,car,good,14400,14400,0,CRM Data
31,female,2,own,little,little,6,radio/TV,good,3000,3000,0,CRM Data
31,male,3,own,little,NA,9,furniture/equipment,good,15000,15000,0,CRM Data
32,male,2,rent,moderate,moderate,39,education,good,5000,5000,0,CRM Data
55,female,3,free,little,little,12,furniture/equipment,good,16000,16000,0,CRM Data
46,male,2,own,little,little,36,furniture/equipment,good,24300,24300,0,CRM Data
46,male,2,rent,little,moderate,12,car,bad,15000,340.93,0,CRM Data
43,female,1,own,rich,NA,24,radio/TV,good,10000,10000,0,CRM Data
39,male,2,own,little,NA,18,radio/TV,good,1000,1000,0,CRM Data
28,male,2,own,NA,moderate,18,business,good,26250,26250,0,CRM Data
27,male,2,own,little,NA,24,business,bad,12575,366.86,2617.25,CRM Data
27,male,1,own,little,NA,14,car,good,12800,12800,0,CRM Data
43,male,2,own,NA,moderate,18,car,good,16000,16000,0,CRM Data
22,male,2,own,little,moderate,24,radio/TV,bad,15000,663.19,2585.51,CRM Data
43,male,2,own,NA,NA,24,car,good,19025,19025,0,CRM Data
27,male,2,own,little,little,15,radio/TV,good,6000,6000,0,CRM Data
26,male,3,own,quite rich,NA,24,radio/TV,good,7925,7925,0,CRM Data
28,male,2,own,quite rich,rich,12,car,bad,15000,692.75,0,CRM Data
20,female,2,own,little,moderate,24,radio/TV,good,9000,9000,0,CRM Data
35,male,3,own,little,NA,33,car,good,16000,16000,0,CRM Data
42,male,3,own,little,NA,12,business,bad,15000,995.39,2529.67,CRM Data
40,male,1,rent,quite rich,NA,10,car,good,24000,24000,0,CRM Data
35,female,2,own,NA,little,24,car,bad,14300,577.12,2527.3,CRM Data
35,male,2,own,little,NA,36,car,good,24000,24000,0,CRM Data
33,male,1,own,little,little,12,car,bad,13500,112.35,2509.88,CRM Data
23,female,2,rent,NA,little,18,education,good,15000,15000,0,CRM Data
31,female,3,own,quite rich,NA,21,car,good,14400,14400,0,CRM Data
33,female,2,own,NA,moderate,18,car,bad,14000,0,2506.87,CRM Data
20,female,2,rent,rich,NA,15,car,good,2500,2500,0,CRM Data
30,male,2,own,NA,moderate,12,car,good,3000,3000,0,CRM Data
47,male,1,own,little,moderate,12,car,good,35000,35000,0,CRM Data
34,male,3,own,moderate,NA,21,furniture/equipment,good,12000,12000,0,CRM Data
25,female,2,own,NA,moderate,12,furniture/equipment,bad,11975,394.73,2473.49,CRM Data
21,male,2,rent,little,moderate,18,car,good,12000,12000,0,CRM Data
29,male,2,own,little,NA,28,radio/TV,good,15500,15500,0,CRM Data
46,male,2,own,rich,NA,18,radio/TV,good,8000,8000,0,CRM Data
20,male,2,own,little,NA,9,furniture/equipment,good,6000,6000,0,CRM Data
55,female,0,free,little,little,18,repairs,bad,14000,313.65,2455.69,CRM Data
74,male,1,own,little,NA,5,business,good,17625,17625,0,CRM Data
29,male,3,own,little,moderate,24,vacation/others,bad,12000,581.17,2448.46,CRM Data
36,male,3,free,little,little,6,furniture/equipment,good,12000,12000,0,CRM Data
33,male,2,own,little,NA,24,repairs,good,15000,15000,0,CRM Data
25,male,2,own,little,little,9,furniture/equipment,good,6000,6000,0,CRM Data
25,male,2,own,NA,moderate,12,radio/TV,bad,13225,258.5,2406.29,CRM Data
23,male,1,rent,quite rich,NA,6,repairs,good,4200,4200,0,CRM Data
37,female,2,own,rich,NA,24,car,good,20000,20000,0,CRM Data
65,male,0,own,little,little,42,repairs,good,21700,21700,0,CRM Data
26,female,0,own,little,rich,12,business,bad,14000,657.85,0,CRM Data
39,male,3,own,little,NA,12,car,good,29750,29750,0,CRM Data
30,female,2,own,little,little,12,furniture/equipment,good,35000,35000,0,CRM Data
29,male,2,own,little,moderate,20,vacation/others,good,25000,25000,0,CRM Data
41,male,1,own,little,NA,12,education,bad,13150,139.98,2359.18,CRM Data
30,female,3,own,little,moderate,48,furniture/equipment,bad,13050,258.71,2345.4,CRM Data
41,female,1,rent,NA,NA,9,education,good,12000,12000,0,CRM Data
34,female,2,own,little,little,36,car,bad,12650,124.35,2296.66,CRM Data
35,male,2,own,little,moderate,7,radio/TV,good,6200,6200,0,CRM Data
55,female,3,own,NA,rich,12,furniture/equipment,good,24425,24425,0,CRM Data
61,male,2,own,rich,moderate,15,repairs,bad,12425,210.43,2287.99,CRM Data
30,male,3,own,NA,NA,36,car,good,2750,2750,0,CRM Data
29,female,2,own,little,NA,6,radio/TV,good,11400,11400,0,CRM Data
34,male,2,own,little,NA,12,furniture/equipment,good,12975,12975,0,CRM Data
35,male,3,own,little,NA,24,car,good,12000,12000,0,CRM Data
31,male,2,own,little,little,24,car,bad,12450,0,2284.36,CRM Data
29,female,3,own,little,NA,24,car,good,5500,5500,0,CRM Data
36,male,2,rent,little,little,11,car,good,7500,7500,0,CRM Data
35,male,2,free,little,little,12,car,bad,12500,228.51,0,CRM Data
27,female,2,own,little,little,6,domestic appliances,good,4000,4000,0,CRM Data
32,male,2,own,little,NA,18,radio/TV,good,4800,4800,0,CRM Data
37,male,2,own,little,little,36,furniture/equipment,good,34500,34500,0,CRM Data
36,male,2,own,little,little,15,car,good,8000,8000,0,CRM Data
34,female,3,rent,little,moderate,12,furniture/equipment,good,6000,6000,0,CRM Data
38,male,2,own,NA,moderate,12,education,good,10000,10000,0,CRM Data
34,male,2,own,little,NA,18,business,good,8400,8400,0,CRM Data
63,male,2,own,little,little,24,car,good,35000,35000,0,CRM Data
29,female,1,rent,little,little,24,radio/TV,bad,12950,547.42,2262.61,CRM Data
32,male,2,own,NA,NA,48,radio/TV,good,10400,10400,0,CRM Data
26,female,2,own,little,NA,33,business,good,12000,12000,0,CRM Data
35,male,1,own,little,NA,24,car,good,3000,3000,0,CRM Data
22,male,2,rent,moderate,moderate,24,radio/TV,bad,12600,139.97,2245.76,CRM Data
23,female,2,own,little,little,6,education,bad,12000,0,2243.86,CRM Data
28,male,1,own,little,little,9,car,bad,12725,334.47,0,CRM Data
36,male,3,own,NA,NA,6,education,good,12000,12000,0,CRM Data
33,male,2,own,little,moderate,18,radio/TV,bad,11975,98.91,2228.69,CRM Data
26,female,2,rent,little,little,18,furniture/equipment,bad,12000,121.84,2176.12,CRM Data
24,male,2,own,quite rich,NA,39,car,good,35000,35000,0,CRM Data
25,male,2,own,little,rich,24,radio/TV,good,6300,6300,0,CRM Data
39,male,1,own,moderate,moderate,12,business,good,7200,7200,0,CRM Data
44,male,2,own,little,little,15,furniture/equipment,good,35000,35000,0,CRM Data
23,female,1,own,little,moderate,12,radio/TV,good,16000,16000,0,CRM Data
26,male,2,own,little,moderate,24,car,good,28000,28000,0,CRM Data
57,female,2,rent,rich,little,30,furniture/equipment,good,23975,23975,0,CRM Data
30,female,2,own,rich,NA,15,furniture/equipment,good,19500,19500,0,CRM Data
44,male,2,own,quite rich,NA,12,car,good,3500,3500,0,CRM Data
47,male,3,own,little,moderate,6,car,bad,12000,0,2134.77,CRM Data
52,male,2,own,little,NA,12,radio/TV,good,6000,6000,0,CRM Data
62,female,2,free,little,NA,24,car,good,24000,24000,0,CRM Data
35,male,1,rent,moderate,NA,10,car,good,20000,20000,0,CRM Data
26,male,2,rent,little,NA,6,car,good,5000,5000,0,CRM Data
26,male,2,own,little,NA,12,radio/TV,good,7000,7000,0,CRM Data
42,female,3,free,little,moderate,27,business,bad,12000,359.81,2134.36,CRM Data
27,female,2,own,moderate,NA,6,radio/TV,good,7000,7000,0,CRM Data
38,male,2,own,NA,moderate,6,radio/TV,good,16650,16650,0,CRM Data
39,male,1,rent,little,little,12,car,good,7500,7500,0,CRM Data
20,male,2,own,NA,little,24,furniture/equipment,bad,11400,99.99,0,CRM Data
29,male,3,rent,moderate,moderate,36,furniture/equipment,bad,12375,807.36,2098.9,CRM Data
40,male,2,own,little,NA,24,furniture/equipment,good,20000,20000,0,CRM Data
32,male,1,own,little,moderate,18,radio/TV,good,3500,3500,0,CRM Data
28,male,2,own,moderate,rich,6,car,good,8675,8675,0,CRM Data
27,female,2,own,little,little,24,car,bad,11650,339.87,2081.86,CRM Data
42,male,2,free,little,little,36,car,good,8000,8000,0,CRM Data
49,male,2,own,moderate,rich,9,radio/TV,good,2100,2100,0,CRM Data
38,male,2,own,moderate,moderate,24,radio/TV,bad,11450,112.56,2078.79,CRM Data
24,female,2,rent,little,little,24,car,bad,12075,763.58,0,CRM Data
27,male,1,own,NA,NA,10,car,bad,11700,251.43,2075.91,CRM Data
36,male,2,own,quite rich,rich,15,car,good,3000,3000,0,CRM Data
34,male,3,own,moderate,moderate,15,car,bad,12000,551.71,0,CRM Data
28,male,2,own,little,NA,24,radio/TV,good,10000,10000,0,CRM Data
45,male,3,own,moderate,NA,39,car,good,20000,20000,0,CRM Data
26,male,2,own,little,little,12,car,bad,11225,231.84,2013.05,CRM Data
32,male,3,free,little,NA,36,car,good,20000,20000,0,CRM Data
26,male,2,rent,little,rich,15,business,good,7300,7300,0,CRM Data
20,male,2,rent,little,moderate,12,radio/TV,good,25000,25000,0,CRM Data
54,male,2,own,NA,NA,24,car,good,1450,1450,0,CRM Data
37,female,2,own,little,little,6,car,good,12000,12000,0,CRM Data
40,male,1,own,little,little,6,car,good,35000,35000,0,CRM Data
23,female,2,rent,little,NA,36,furniture/equipment,bad,12000,581.17,0,CRM Data
43,male,2,own,moderate,little,6,car,good,7200,7200,0,CRM Data
36,male,2,free,NA,NA,6,radio/TV,good,20000,20000,0,CRM Data
44,male,2,free,little,NA,24,repairs,good,4025,4025,0,CRM Data
24,female,2,own,little,little,18,radio/TV,bad,10975,101.94,2009.33,CRM Data
53,male,2,free,little,little,48,furniture/equipment,bad,11200,326.75,2001.44,CRM Data
23,female,2,own,moderate,NA,24,car,good,10000,10000,0,CRM Data
26,female,1,own,little,moderate,18,radio/TV,good,7000,7000,0,CRM Data
30,male,2,own,little,moderate,26,car,good,15000,15000,0,CRM Data
31,female,2,own,moderate,NA,15,education,good,29400,29400,0,CRM Data
42,male,1,own,little,NA,4,radio/TV,good,35000,35000,0,CRM Data
31,male,2,rent,little,little,36,radio/TV,bad,12000,588.24,1998.85,CRM Data
41,male,1,own,little,little,6,car,good,29300,29300,0,CRM Data
32,male,2,own,little,moderate,36,education,good,8000,8000,0,CRM Data
28,female,2,rent,moderate,moderate,15,car,bad,10500,90.75,1939.32,CRM Data
41,male,2,rent,little,NA,12,car,good,7200,7200,0,CRM Data
26,male,2,own,moderate,NA,24,radio/TV,good,8000,8000,0,CRM Data
25,male,2,own,NA,NA,24,radio/TV,good,20000,20000,0,CRM Data
33,male,2,rent,little,rich,21,education,bad,8875,187,1931.82,CRM Data
75,female,3,own,NA,little,6,car,good,24000,24000,0,CRM Data
37,female,2,own,little,moderate,18,furniture/equipment,good,10000,10000,0,CRM Data
42,male,3,free,little,little,48,car,bad,10800,249.98,1889.82,CRM Data
45,female,1,own,little,rich,18,furniture/equipment,good,10000,10000,0,CRM Data
23,male,2,rent,little,moderate,12,radio/TV,bad,10200,0,1860.5,CRM Data
60,male,2,free,little,NA,24,car,good,25000,25000,0,CRM Data
31,male,2,own,NA,little,30,furniture/equipment,bad,10500,401.07,1844.09,CRM Data
34,male,1,own,little,rich,18,furniture/equipment,bad,9100,402.21,1832.63,CRM Data
61,male,1,own,little,NA,12,car,good,3000,3000,0,CRM Data
43,male,2,free,little,little,24,car,bad,10000,0,1819.35,CRM Data
37,female,2,own,little,NA,24,car,good,13975,13975,0,CRM Data
32,male,2,own,little,NA,24,radio/TV,good,13500,13500,0,CRM Data
24,female,1,own,little,little,12,radio/TV,bad,10000,0,1817.3,CRM Data
35,male,2,free,NA,NA,48,car,good,7200,7200,0,CRM Data
23,female,2,own,NA,NA,12,repairs,good,8000,8000,0,CRM Data
45,male,1,own,quite rich,NA,6,radio/TV,good,19625,19625,0,CRM Data
34,male,2,own,little,little,48,radio/TV,bad,10375,443.16,1807.09,CRM Data
27,male,2,own,moderate,moderate,12,car,good,15000,15000,0,CRM Data
67,female,3,own,little,moderate,9,education,good,16325,16325,0,CRM Data
22,male,2,own,little,moderate,12,radio/TV,bad,9800,0,1800.84,CRM Data
28,female,2,own,moderate,moderate,18,car,bad,9250,952.86,1748.21,CRM Data
29,female,2,own,NA,NA,21,car,bad,10000,349.28,1731.26,CRM Data
27,male,2,own,little,little,24,furniture/equipment,bad,10000,0,1731.21,CRM Data
31,male,1,own,little,moderate,18,furniture/equipment,bad,10000,452.92,1708.01,CRM Data
49,male,2,free,NA,little,24,car,good,6500,6500,0,CRM Data
24,male,1,rent,little,little,24,radio/TV,bad,8000,348.91,1700.7,CRM Data
29,female,2,own,little,rich,6,radio/TV,good,15000,15000,0,CRM Data
37,male,2,free,NA,moderate,36,car,bad,9600,207.92,0,CRM Data
37,male,3,own,NA,moderate,24,business,good,4000,4000,0,CRM Data
23,female,2,rent,moderate,moderate,24,radio/TV,good,20000,20000,0,CRM Data
36,male,2,own,little,little,12,car,bad,10000,462.31,0,CRM Data
34,male,2,own,rich,NA,24,radio/TV,good,35000,35000,0,CRM Data
41,male,2,own,NA,moderate,48,radio/TV,good,20150,20150,0,CRM Data
31,female,2,own,little,little,48,radio/TV,bad,9600,393.85,0,CRM Data
23,female,1,rent,little,little,24,furniture/equipment,bad,9450,384.72,0,CRM Data
38,male,2,own,little,NA,30,radio/TV,good,15000,15000,0,CRM Data
26,female,3,rent,NA,NA,24,car,good,13000,13000,0,CRM Data
22,female,1,own,little,little,15,business,good,4200,4200,0,CRM Data
27,male,1,own,little,moderate,9,radio/TV,good,6050,6050,0,CRM Data
24,female,2,own,little,NA,15,furniture/equipment,good,10000,10000,0,CRM Data
27,female,2,own,little,moderate,12,radio/TV,good,6000,6000,0,CRM Data
33,female,2,own,NA,NA,24,education,good,18000,18000,0,CRM Data
27,male,2,own,little,moderate,36,car,bad,9475,398.69,0,CRM Data
27,male,1,own,little,NA,24,education,good,6900,6900,0,CRM Data
30,male,2,own,little,moderate,18,car,bad,9125,0,0,CRM Data
49,male,1,own,little,moderate,12,car,good,12000,12000,0,CRM Data
26,female,2,rent,little,NA,9,furniture/equipment,good,10850,10850,0,CRM Data
33,male,1,rent,little,moderate,36,repairs,bad,7000,331.57,0,CRM Data
52,female,3,free,NA,NA,12,car,good,10000,10000,0,CRM Data
20,female,2,rent,little,little,18,furniture/equipment,bad,10000,866.65,0,CRM Data
36,male,2,rent,little,little,9,car,good,5000,5000,0,CRM Data
21,male,1,own,little,little,12,furniture/equipment,good,18000,18000,0,CRM Data
47,male,1,own,little,little,18,domestic appliances,bad,9000,190.79,0,CRM Data
60,male,2,own,little,little,12,furniture/equipment,bad,9000,192.96,0,CRM Data
58,female,1,own,little,little,12,radio/TV,good,11000,11000,0,CRM Data
42,female,2,rent,NA,moderate,24,car,good,12800,12800,0,CRM Data
36,female,1,own,rich,NA,21,business,good,19000,19000,0,CRM Data
20,female,1,rent,little,moderate,24,car,bad,8575,725.89,0,CRM Data
40,male,3,own,NA,little,24,vacation/others,bad,9300,437.6,0,CRM Data
32,female,1,own,moderate,moderate,6,car,bad,9325,661.29,0,CRM Data
23,female,2,rent,little,little,24,car,bad,8950,411.49,0,CRM Data
36,male,1,own,little,moderate,24,business,bad,7000,313.91,1497.91,CRM Data
31,male,2,own,little,NA,18,car,bad,9000,633.18,1487.61,CRM Data
32,male,2,free,little,NA,24,business,good,29975,29975,0,CRM Data
45,female,2,own,little,moderate,7,radio/TV,good,13500,13500,0,CRM Data
30,female,2,own,little,moderate,9,furniture/equipment,bad,8400,194.14,1460.77,CRM Data
34,female,1,free,little,moderate,24,education,bad,8000,0,1441.94,CRM Data
28,female,3,own,little,NA,36,furniture/equipment,bad,8400,376.71,1441.67,CRM Data
23,female,2,own,little,rich,10,furniture/equipment,good,12000,12000,0,CRM Data
22,male,2,own,quite rich,little,24,furniture/equipment,good,1325,1325,0,CRM Data
74,male,3,own,little,NA,24,business,good,28375,28375,0,CRM Data
50,female,2,free,moderate,moderate,36,radio/TV,bad,8000,0,1413.48,CRM Data
33,male,2,own,little,NA,18,radio/TV,good,28000,28000,0,CRM Data
45,male,2,free,NA,NA,15,car,good,8400,8400,0,CRM Data
22,female,2,own,moderate,little,12,domestic appliances,bad,7000,317.04,1408.1,CRM Data
48,female,1,free,moderate,rich,10,car,bad,8000,371.13,1356.24,CRM Data
29,female,2,own,rich,little,21,radio/TV,good,5725,5725,0,CRM Data
22,female,2,rent,little,little,24,car,good,10000,10000,0,CRM Data
22,female,2,own,little,NA,18,furniture/equipment,bad,9000,629.51,1350,CRM Data
48,male,3,own,NA,moderate,48,business,good,3000,3000,0,CRM Data
27,male,3,free,NA,moderate,60,radio/TV,good,2500,2500,0,CRM Data
37,male,2,rent,little,little,6,car,good,35000,34999.99,0,CRM Data
21,female,2,rent,moderate,moderate,30,furniture/equipment,bad,7900,504.8,1349.27,CRM Data
49,male,1,own,little,NA,12,car,good,19225,19225,0,CRM Data
27,male,2,own,little,moderate,21,business,good,10400,10400,0,CRM Data
32,male,2,own,little,NA,18,car,bad,7525,157.09,1345.86,CRM Data
38,male,2,own,NA,NA,48,business,bad,8000,560.95,1322.93,CRM Data
22,female,2,rent,little,little,12,furniture/equipment,good,2525,2525,0,CRM Data
65,male,2,free,little,little,18,radio/TV,bad,7475,317.39,1304.54,CRM Data
35,male,2,own,NA,NA,15,radio/TV,good,24000,24000,0,CRM Data
41,male,2,own,little,rich,6,furniture/equipment,good,9475,9475,0,CRM Data
29,male,2,own,moderate,moderate,9,car,bad,7500,173.34,1304.53,CRM Data
36,male,2,own,quite rich,NA,42,furniture/equipment,good,8000,8000,0,CRM Data
64,male,1,own,NA,NA,9,education,good,16500,16500,0,CRM Data
28,female,2,own,little,little,24,radio/TV,good,22400,22400,0,CRM Data
44,male,2,own,little,little,18,furniture/equipment,bad,7500,174.14,1302.84,CRM Data
23,male,2,own,NA,moderate,15,radio/TV,good,8000,8000,0,CRM Data
19,female,2,rent,little,NA,9,furniture/equipment,bad,7000,0,1267.92,CRM Data
25,female,1,own,little,moderate,24,car,bad,7000,480.65,1240,CRM Data
47,male,2,own,little,NA,12,education,good,10000,10000,0,CRM Data
28,female,2,own,quite rich,NA,24,radio/TV,good,12000,12000,0,CRM Data
21,male,2,own,little,NA,60,radio/TV,good,28000,28000,0,CRM Data
34,female,2,own,little,NA,12,radio/TV,good,15600,15600,0,CRM Data
26,male,2,own,little,little,42,radio/TV,bad,7000,159.22,1223.2,CRM Data
27,female,0,own,little,little,18,education,bad,7000,160.06,1221.41,CRM Data
38,male,1,own,little,moderate,15,repairs,good,14000,14000,0,CRM Data
40,male,3,own,moderate,NA,15,education,bad,7000,321.84,1192.58,CRM Data
33,male,2,own,little,NA,24,radio/TV,good,1000,1000,0,CRM Data
32,male,3,own,little,little,18,radio/TV,good,19675,19675,0,CRM Data
27,male,2,rent,NA,NA,36,business,bad,6200,548.3,1190.81,CRM Data
32,male,2,own,little,little,30,furniture/equipment,good,18000,18000,0,CRM Data
26,female,2,own,quite rich,NA,12,car,bad,7075,496.09,1167.73,CRM Data
38,male,2,free,little,rich,24,car,bad,6050,557.07,1157.36,CRM Data
40,male,1,rent,little,little,12,education,bad,6700,451.2,1124.87,CRM Data
50,male,3,free,little,little,48,education,good,12000,12000,0,CRM Data
37,male,1,own,little,moderate,12,furniture/equipment,bad,6000,0,1108.42,CRM Data
45,male,2,own,little,little,24,car,bad,6000,0,1096.5,CRM Data
42,male,3,own,moderate,moderate,36,car,bad,7000,510.54,1080,CRM Data
35,male,2,own,little,NA,24,car,good,8000,8000,0,CRM Data
22,male,2,free,little,little,14,car,good,8800,8800,0,CRM Data
41,male,1,own,little,moderate,12,car,bad,6000,0,1079.85,CRM Data
37,male,2,own,NA,NA,48,radio/TV,good,6000,6000,0,CRM Data
28,female,2,own,little,moderate,30,business,good,15000,15000,0,CRM Data
41,male,2,own,little,moderate,18,furniture/equipment,good,8400,8400,0,CRM Data
23,male,2,rent,little,rich,12,radio/TV,good,10000,10000,0,CRM Data
23,male,2,own,NA,little,12,car,bad,6000,0,1076.81,CRM Data
50,male,2,own,little,NA,21,furniture/equipment,good,5000,5000,0,CRM Data
35,male,3,own,little,moderate,6,furniture/equipment,good,8700,8700,0,CRM Data
50,female,1,own,little,rich,6,education,good,16000,16000,0,CRM Data
27,male,3,own,little,NA,24,vacation/others,good,14000,14000,0,CRM Data
34,male,2,own,rich,moderate,30,furniture/equipment,good,19425,19425,0,CRM Data
27,female,2,own,little,NA,48,business,good,32000,32000,0,CRM Data
43,male,2,rent,little,little,12,car,bad,6000,0,1074.27,CRM Data
47,male,2,own,little,rich,30,radio/TV,good,20700,20700,0,CRM Data
27,male,1,own,moderate,NA,24,business,good,6500,6500,0,CRM Data
31,male,2,own,moderate,NA,36,business,good,30000,30000,0,CRM Data
42,male,3,own,little,NA,60,car,good,2500,2500,0,CRM Data
24,male,2,own,quite rich,NA,6,car,good,4425,4425,0,CRM Data
41,male,1,own,quite rich,NA,21,business,bad,6250,278.84,1066.57,CRM Data
26,female,3,rent,little,NA,30,radio/TV,good,25000,25000,0,CRM Data
33,male,2,own,little,NA,24,furniture/equipment,good,28000,28000,0,CRM Data
24,male,2,own,moderate,moderate,72,radio/TV,bad,6000,0,1065.56,CRM Data
64,male,1,rent,little,little,24,radio/TV,good,12000,12000,0,CRM Data
26,female,2,own,little,NA,18,radio/TV,good,10000,10000,0,CRM Data
56,female,2,own,little,NA,6,education,good,10400,10400,0,CRM Data
37,male,2,free,NA,NA,12,radio/TV,good,7200,7200,0,CRM Data
33,male,2,own,little,NA,15,radio/TV,good,4500,4500,0,CRM Data
47,male,2,free,little,NA,24,radio/TV,good,10000,10000,0,CRM Data
31,male,1,own,moderate,moderate,36,business,good,5000,5000,0,CRM Data
34,male,2,free,NA,NA,60,car,good,21000,20999.99,0,CRM Data
27,male,2,own,NA,rich,10,radio/TV,good,16000,16000,0,CRM Data
30,male,2,free,moderate,moderate,36,car,good,3000,3000,0,CRM Data
35,male,2,own,moderate,NA,9,radio/TV,good,6000,6000,0,CRM Data
31,male,2,own,rich,little,12,car,good,5500,5500,0,CRM Data
25,male,2,own,little,little,15,furniture/equipment,good,7500,7500,0,CRM Data
25,female,1,own,moderate,moderate,15,repairs,good,9125,9125,0,CRM Data
29,male,2,own,moderate,moderate,24,radio/TV,good,1800,1800,0,CRM Data
44,male,1,own,NA,little,6,car,good,24000,2418.16,0,CRM Data
28,male,2,own,little,NA,24,radio/TV,good,9500,9500,0,CRM Data
50,male,2,rent,quite rich,NA,6,car,good,20000,20000,0,CRM Data
29,male,2,own,little,moderate,12,radio/TV,good,18400,18400,0,CRM Data
38,female,0,own,little,NA,12,car,good,28000,28000,0,CRM Data
24,male,2,own,little,NA,18,radio/TV,good,20000,20000,0,CRM Data
40,male,3,rent,little,rich,15,education,good,28000,28000,0,CRM Data
29,female,1,rent,quite rich,NA,12,furniture/equipment,bad,6000,128.94,1065.3,CRM Data
46,male,2,free,little,little,48,car,bad,6275,418.88,1056.82,CRM Data
47,female,2,free,moderate,rich,24,radio/TV,good,10000,10000,0,CRM Data
41,male,2,own,moderate,moderate,30,business,good,11625,11625,0,CRM Data
32,female,2,own,little,moderate,27,business,good,10000,10000,0,CRM Data
35,female,2,free,quite rich,NA,15,car,good,12000,12000,0,CRM Data
24,male,2,own,moderate,moderate,48,car,bad,5000,230.92,1053.5,CRM Data
25,female,2,rent,little,moderate,12,furniture/equipment,bad,6250,420.88,1049.5,CRM Data
25,female,2,own,little,moderate,9,radio/TV,good,26375,26375,0,CRM Data
37,male,1,own,little,moderate,9,radio/TV,good,9600,9600,0,CRM Data
32,male,3,own,quite rich,NA,18,radio/TV,good,12000,12000,0,CRM Data
35,female,2,free,little,little,6,education,bad,6000,137.82,1045.94,CRM Data
46,male,3,own,NA,NA,21,car,good,5400,5400,0,CRM Data
25,male,1,own,little,little,9,radio/TV,good,7500,7500,0,CRM Data
27,male,3,own,little,moderate,60,car,bad,5000,230.92,1029.26,CRM Data
63,male,2,own,NA,NA,30,car,good,14400,14400,0,CRM Data
40,male,2,own,NA,NA,30,radio/TV,good,4800,4800,0,CRM Data
32,male,3,free,little,NA,18,radio/TV,good,7200,7200,0,CRM Data
31,male,2,own,NA,rich,24,radio/TV,good,18000,18000,0,CRM Data
31,male,2,own,moderate,moderate,20,car,good,9450,9450,0,CRM Data
34,male,3,own,little,rich,9,radio/TV,bad,6000,271.56,1026.05,CRM Data
24,female,2,rent,rich,moderate,6,education,bad,6000,278.35,1017.18,CRM Data
24,female,1,own,little,little,12,car,bad,3000,131.84,1000,CRM Data
66,female,1,own,quite rich,moderate,9,radio/TV,good,24000,24000,0,CRM Data
21,female,2,rent,little,NA,27,car,bad,10000,411.35,1000,CRM Data
41,female,1,own,rich,NA,6,car,good,10000,10000,0,CRM Data
47,male,1,own,quite rich,NA,15,radio/TV,good,26375,26375,0,CRM Data
25,female,2,rent,little,little,18,radio/TV,bad,6000,416.04,997.6,CRM Data
59,female,2,rent,little,moderate,48,business,bad,6000,425.5,989.82,CRM Data
36,male,2,own,rich,rich,24,business,good,16000,16000,0,CRM Data
33,male,2,own,little,moderate,24,radio/TV,good,4000,4000,0,CRM Data
21,male,1,rent,little,little,24,radio/TV,bad,5000,447.92,971.58,CRM Data
44,female,1,own,little,moderate,8,radio/TV,good,18000,18000,0,CRM Data
28,female,2,rent,rich,NA,24,car,good,5000,5000,0,CRM Data
37,female,2,own,little,NA,4,car,good,15500,15500,0,CRM Data
29,female,0,own,NA,moderate,36,domestic appliances,good,5050,5050,0,CRM Data
23,female,3,rent,little,moderate,24,car,bad,5500,367.15,926.85,CRM Data
35,male,1,own,moderate,little,18,car,good,5000,5000,0,CRM Data
45,male,3,own,little,NA,6,car,good,25000,25000,0,CRM Data
26,female,1,rent,moderate,moderate,30,business,bad,5000,0,892.48,CRM Data
32,male,2,own,moderate,little,24,car,good,5500,5500,0,CRM Data
23,male,1,own,little,moderate,10,radio/TV,good,4200,4200,0,CRM Data
41,male,2,own,NA,NA,21,radio/TV,good,6950,6950,0,CRM Data
22,male,2,own,quite rich,little,24,furniture/equipment,good,3600,3600,0,CRM Data
30,male,3,own,NA,little,39,furniture/equipment,good,35000,35000,0,CRM Data
28,male,1,own,little,little,13,business,good,19500,19500,0,CRM Data
23,female,2,rent,little,little,15,car,good,9800,9800,0,CRM Data
37,female,1,own,little,little,12,car,bad,5000,109.82,882.92,CRM Data
26,male,2,own,NA,NA,21,car,good,8000,8000,0,CRM Data
33,male,2,own,little,NA,15,car,good,12000,12000,0,CRM Data
49,female,2,own,little,little,6,furniture/equipment,good,5250,5250,0,CRM Data
23,female,1,own,little,little,18,car,bad,5025,162.66,855.89,CRM Data
23,female,1,rent,moderate,moderate,12,business,good,10150,10150,0,CRM Data
25,female,2,own,little,NA,30,radio/TV,good,2150,2150,0,CRM Data
55,male,2,free,rich,NA,12,repairs,bad,5000,354.58,822.74,CRM Data
32,female,2,rent,NA,little,24,car,bad,4500,284.56,769.75,CRM Data
74,male,0,own,little,rich,6,car,good,18750,18750,0,CRM Data
39,male,2,free,NA,rich,15,radio/TV,bad,4375,184.1,766.62,CRM Data
31,male,2,own,little,NA,24,car,good,30000,30000,0,CRM Data
35,male,2,own,little,little,12,car,bad,4000,83.9,715.69,CRM Data
59,female,2,own,NA,NA,15,car,good,25000,25000,0,CRM Data
24,female,2,rent,little,little,18,furniture/equipment,bad,4200,193.97,715.56,CRM Data
24,male,1,own,little,little,12,radio/TV,good,5000,5000,0,CRM Data
30,male,3,free,NA,NA,21,car,bad,4000,291.76,654.2,CRM Data
27,male,2,own,moderate,NA,24,car,good,4800,4800,0,CRM Data
40,male,1,own,little,moderate,12,radio/TV,good,11000,11000,0,CRM Data
31,male,1,own,little,little,30,furniture/equipment,bad,10000,708.24,652,CRM Data
31,female,2,rent,NA,NA,10,car,good,9600,9600,0,CRM Data
28,male,2,rent,little,moderate,12,furniture/equipment,good,14000,14000,0,CRM Data
63,male,1,own,little,NA,12,radio/TV,good,5300,5300,0,CRM Data
26,female,2,rent,NA,little,24,car,good,3000,3000,0,CRM Data
25,female,3,own,little,little,36,education,bad,3600,81.06,629.55,CRM Data
36,male,3,own,little,NA,21,car,good,20000,20000,0,CRM Data
52,male,2,own,moderate,NA,24,radio/TV,good,10000,9999.99,0,CRM Data
66,male,0,free,quite rich,rich,12,car,good,16100,16100,0,CRM Data
25,female,2,rent,NA,little,24,car,bad,3675,165.65,628.63,CRM Data
37,male,2,own,little,NA,36,car,good,10000,10000,0,CRM Data
25,female,2,own,little,little,18,radio/TV,good,17750,17750,0,CRM Data
38,male,3,own,rich,NA,36,car,good,13300,13300,0,CRM Data
67,female,2,own,little,moderate,18,repairs,good,6000,6000,0,CRM Data
25,male,2,own,little,moderate,39,radio/TV,bad,3600,159.17,621.99,CRM Data
60,male,2,own,rich,NA,24,car,good,5700,5700,0,CRM Data
31,male,1,own,little,moderate,12,education,good,6000,6000,0,CRM Data
23,female,1,own,moderate,moderate,12,car,bad,3600,253.28,596.56,CRM Data
60,male,3,own,NA,moderate,20,car,good,14000,14000,0,CRM Data
35,male,1,own,rich,moderate,18,business,good,20000,20000,0,CRM Data
40,male,2,own,quite rich,NA,22,radio/TV,good,15000,15000,0,CRM Data
38,male,2,own,NA,NA,48,car,good,8500,8500,0,CRM Data
50,male,2,free,little,moderate,48,education,bad,3200,150.37,542.84,CRM Data
27,male,2,own,little,little,40,education,bad,3000,176.63,527.54,CRM Data
39,female,2,own,little,moderate,21,business,bad,3000,131.84,519.7,CRM Data
41,male,3,own,NA,NA,24,car,good,6000,6000,0,CRM Data
27,male,2,own,NA,NA,6,furniture/equipment,good,15000,15000,0,CRM Data
51,male,2,free,little,rich,24,furniture/equipment,good,30000,30000,0,CRM Data
32,male,2,rent,quite rich,NA,24,furniture/equipment,good,10000,10000,0,CRM Data
22,female,2,rent,moderate,NA,9,furniture/equipment,good,35000,35000,0,CRM Data
51,male,2,free,NA,little,18,car,bad,3000,133.86,517.32,CRM Data
22,female,1,rent,little,NA,12,furniture/equipment,good,6500,6500,0,CRM Data
54,male,2,own,NA,NA,24,car,good,15000,15000,0,CRM Data
35,male,0,own,NA,moderate,9,car,good,12600,12600,0,CRM Data
54,male,2,free,little,NA,24,education,good,10575,10575,0,CRM Data
48,female,1,rent,little,moderate,18,radio/TV,good,4375,4375,0,CRM Data
24,female,2,own,little,little,20,furniture/equipment,good,2000,2000,0,CRM Data
35,male,2,own,NA,NA,12,radio/TV,good,10000,10000,0,CRM Data
24,female,0,rent,NA,moderate,12,car,good,12000,12000,0,CRM Data
24,male,2,own,little,little,36,car,bad,2500,0,467.2,CRM Data
26,male,1,own,little,moderate,6,radio/TV,good,23475,23475,0,CRM Data
65,male,2,own,NA,NA,12,radio/TV,good,13000,13000,0,CRM Data
55,male,3,free,little,moderate,42,car,good,6000,6000,0,CRM Data
26,female,0,rent,little,moderate,15,car,bad,2650,271.25,426.27,CRM Data
26,male,2,own,little,moderate,8,business,good,10000,10000,0,CRM Data
28,male,1,own,little,moderate,6,radio/TV,good,5000,5000,0,CRM Data
24,male,2,own,little,little,36,car,bad,2400,55.47,419.17,CRM Data
54,male,2,own,little,little,48,domestic appliances,bad,2100,216.32,406.34,CRM Data
46,male,2,free,little,little,48,car,bad,3925,258.31,0,CRM Data
54,female,2,rent,little,moderate,36,car,good,16000,16000,0,CRM Data
62,male,2,own,quite rich,NA,6,domestic appliances,good,6000,6000,0,CRM Data
24,female,2,rent,little,NA,6,radio/TV,good,15000,15000,0,CRM Data
43,male,3,own,little,little,36,vacation/others,good,9000,9000,0,CRM Data
26,male,2,own,little,little,18,radio/TV,bad,14800,148.79,0,CRM Data
27,male,2,own,little,NA,12,car,good,10000,10000,0,CRM Data
24,male,2,own,little,rich,12,radio/TV,good,20000,20000,0,CRM Data
41,male,2,own,little,little,36,furniture/equipment,bad,35000,0,0,CRM Data
47,male,1,own,little,little,8,car,good,13100,13100,0,CRM Data
35,male,3,own,little,NA,18,furniture/equipment,good,5000,5000,0,CRM Data
30,male,2,own,little,little,21,car,good,9050,9050,0,CRM Data
33,female,2,rent,little,little,18,car,bad,8500,722.99,0,CRM Data
36,male,2,own,little,NA,18,business,bad,4800,412.07,0,CRM Data
47,male,2,free,NA,little,36,car,bad,35000,1494.97,0,CRM Data
38,male,2,free,NA,moderate,48,business,good,18000,18000,0,CRM Data
44,male,2,own,quite rich,NA,24,business,good,16500,16500,0,CRM Data
23,female,2,rent,little,little,18,car,bad,5000,216.42,0,CRM Data
29,male,2,rent,little,little,45,business,bad,35000,1301.92,0,CRM Data
42,female,2,own,NA,moderate,24,radio/TV,good,5500,5500,0,CRM Data
25,female,1,own,little,rich,15,radio/TV,bad,20000,475.18,0,CRM Data
48,male,2,own,little,little,12,car,bad,10000,441.99,0,CRM Data
21,female,2,own,NA,NA,12,radio/TV,good,16800,16800,0,CRM Data
23,female,1,rent,little,NA,4,furniture/equipment,good,5600,5600,0,CRM Data
63,male,2,own,little,little,24,car,good,9000,9000,0,CRM Data
46,male,2,own,little,NA,24,radio/TV,good,15000,15000,0,CRM Data
29,male,2,own,little,little,36,furniture/equipment,bad,12000,117.96,0,CRM Data
28,male,1,own,little,NA,21,car,good,11000,11000,0,CRM Data
23,female,2,own,little,NA,18,repairs,bad,10200,116.27,0,CRM Data
50,male,2,own,little,NA,24,business,good,1000,1000,0,CRM Data
47,male,2,own,little,NA,18,furniture/equipment,good,8400,8400,0,CRM Data
35,male,2,own,NA,moderate,21,furniture/equipment,good,25000,25000,0,CRM Data
68,male,2,rent,NA,NA,18,car,bad,25000,1033.56,0,CRM Data
28,male,2,own,little,NA,24,car,good,25000,25000,0,CRM Data
59,male,2,own,little,little,9,radio/TV,good,6000,6000,0,CRM Data
57,male,1,own,little,little,12,radio/TV,bad,24825,533.48,0,CRM Data
33,male,2,rent,little,little,20,car,bad,8000,173.11,0,CRM Data
43,male,2,own,NA,NA,24,car,good,5900,5900,0,CRM Data
35,male,2,free,little,NA,15,radio/TV,good,15400,15400,0,CRM Data
32,male,1,free,little,little,18,car,bad,21100,883.12,0,CRM Data
45,male,2,own,little,NA,36,car,good,20000,20000,0,CRM Data
33,male,2,own,moderate,NA,24,car,good,35000,35000,0,CRM Data
40,female,2,own,NA,NA,10,education,good,35000,34999.99,0,CRM Data
28,male,2,free,little,NA,15,furniture/equipment,good,10000,10000,0,CRM Data
29,female,2,own,little,little,15,car,bad,10000,233.83,0,CRM Data
26,male,2,rent,moderate,NA,9,car,good,10000,10000,0,CRM Data
27,male,2,own,rich,NA,24,car,good,35000,35000,0,CRM Data
28,male,2,own,little,NA,18,business,bad,11200,475.56,0,CRM Data
35,female,2,own,little,little,24,radio/TV,bad,8400,187.21,0,CRM Data
32,male,1,own,rich,NA,27,furniture/equipment,good,15000,15000,0,CRM Data
25,male,1,rent,little,NA,10,furniture/equipment,bad,8000,0,0,CRM Data
20,female,2,rent,quite rich,NA,15,furniture/equipment,good,10800,10800,0,CRM Data
27,female,2,own,little,little,18,radio/TV,good,20000,20000,0,CRM Data
42,male,2,own,little,NA,12,furniture/equipment,good,12600,12600,0,CRM Data
37,male,2,own,NA,NA,36,business,good,30000,30000,0,CRM Data
24,female,2,rent,little,little,12,furniture/equipment,good,12000,12000,0,CRM Data
40,female,2,own,quite rich,NA,36,furniture/equipment,good,9000,9000,0,CRM Data
46,male,2,own,little,rich,6,car,good,2600,2600,0,CRM Data
26,male,2,own,moderate,little,24,business,good,9325,9325,0,CRM Data
24,female,2,own,NA,NA,15,domestic appliances,good,6000,6000,0,CRM Data
29,male,1,own,little,little,12,furniture/equipment,good,25000,25000,0,CRM Data
40,female,2,own,rich,moderate,11,car,good,10000,10000,0,CRM Data
36,male,3,free,little,little,18,radio/TV,good,9600,9600,0,CRM Data
28,male,2,own,little,NA,36,radio/TV,good,15725,15725,0,CRM Data
27,male,3,free,little,little,9,car,bad,14000,338.34,0,CRM Data
36,male,2,own,NA,NA,30,radio/TV,good,30000,30000,0,CRM Data
38,male,3,own,little,NA,24,car,good,12000,12000,0,CRM Data
48,male,2,free,NA,NA,24,car,good,6050,6050,0,CRM Data
36,male,2,own,NA,moderate,30,car,good,4300,4300,0,CRM Data
65,female,0,own,little,NA,18,radio/TV,good,16000,16000,0,CRM Data
43,male,2,own,little,moderate,24,furniture/equipment,bad,20000,1290.97,0,CRM Data
53,female,2,own,little,little,12,education,bad,16000,0,0,CRM Data
34,male,2,own,NA,moderate,24,business,good,20750,20750,0,CRM Data
23,male,2,own,little,moderate,48,business,bad,12025,786.28,0,CRM Data
34,male,3,own,little,NA,36,car,good,15000,15000,0,CRM Data
40,male,2,rent,NA,NA,28,car,good,10000,10000,0,CRM Data
43,male,3,own,little,little,27,business,good,8800,8800,0,CRM Data
46,male,2,own,little,NA,15,radio/TV,good,12000,12000,0,CRM Data
38,male,1,own,little,little,12,car,good,4000,4000,0,CRM Data
34,male,2,own,little,moderate,36,car,good,10000,10000,0,CRM Data
29,male,2,own,NA,NA,18,radio/TV,good,7550,7550,0,CRM Data
31,male,3,own,NA,NA,36,car,good,29750,29750,0,CRM Data
28,female,3,rent,little,little,21,radio/TV,good,28000,28000,0,CRM Data
35,female,2,own,rich,NA,12,furniture/equipment,good,20000,20000,0,CRM Data
33,female,1,rent,NA,NA,15,furniture/equipment,good,12250,12250,0,CRM Data
42,male,2,own,little,little,18,furniture/equipment,bad,12600,25,0,CRM Data
43,male,2,rent,little,little,16,car,bad,9000,444.37,0,CRM Data
25,female,1,own,little,moderate,24,furniture/equipment,bad,25000,0,26308.47,PSI Data
31,male,2,rent,little,little,24,business,bad,18000,0,21941.26,PSI Data
32,female,3,own,little,moderate,48,vacation/others,bad,14700,374.1,14746.89,PSI Data
68,male,3,own,little,little,6,car,bad,12000,0,12679.5,PSI Data
33,male,2,own,moderate,little,24,furniture/equipment,bad,12000,0,12427.85,PSI Data
39,male,3,rent,little,little,24,furniture/equipment,bad,11975,0,11319.41,PSI Data
22,female,2,rent,little,little,9,radio/TV,bad,10000,323.92,8500,PSI Data
55,male,2,own,little,little,24,furniture/equipment,bad,26050,441.17,8264.96,PSI Data
46,male,2,own,little,little,12,car,bad,34975,0,7516.32,PSI Data
39,male,2,free,little,little,48,car,bad,35000,3821.9,6569.23,PSI Data
22,female,2,own,little,moderate,9,radio/TV,bad,35000,0,6529.35,PSI Data
30,male,3,own,moderate,moderate,30,radio/TV,bad,35000,291.28,6507.09,PSI Data
28,female,1,own,little,rich,9,radio/TV,bad,35000,306.97,6459.61,PSI Data
42,male,2,free,little,moderate,60,education,bad,35000,0,6442.22,PSI Data
30,male,2,free,quite rich,little,24,furniture/equipment,bad,35000,339.24,6359.65,PSI Data
43,male,1,own,little,NA,18,furniture/equipment,bad,35000,344.06,6354.4,PSI Data
31,male,2,own,moderate,NA,24,radio/TV,bad,5000,468.74,358.5,PSI Data
24,male,2,own,little,little,36,business,bad,2000,43.91,354.72,PSI Data
28,female,2,rent,quite rich,moderate,24,car,bad,1900,118.84,328.72,PSI Data
26,female,3,own,little,NA,36,furniture/equipment,bad,5000,246.87,226.39,PSI Data
45,male,1,own,little,little,28,car,bad,3000,66.87,222.5,PSI Data
35,male,2,own,quite rich,NA,24,radio/TV,bad,1200,75.07,208.55,PSI Data
23,male,1,own,quite rich,moderate,27,radio/TV,bad,35000,2246.13,200,PSI Data
29,female,0,rent,little,little,24,car,bad,1000,0,183.55,PSI Data
36,male,2,rent,little,little,60,business,bad,1000,41.64,177.78,PSI Data
47,male,1,own,little,NA,24,car,bad,9600,8729.17,157.46,PSI Data
25,male,2,rent,moderate,moderate,15,car,bad,12000,11493.54,102.26,PSI Data
49,male,2,own,little,moderate,30,furniture/equipment,bad,24525,522.27,74.16,PSI Data
33,male,3,rent,little,NA,48,business,bad,7000,29,29,PSI Data
26,male,2,own,little,little,36,car,bad,16200,1915.77,20,PSI Data
23,male,2,free,little,little,45,radio/TV,bad,20000,0,0,PSI Data
44,male,2,own,NA,NA,20,car,good,28000,28000,0,PSI Data
42,male,2,free,NA,NA,36,car,good,11700,11700,0,PSI Data
40,male,2,rent,NA,NA,15,radio/TV,good,15000,15000,0,PSI Data
36,male,3,own,little,NA,24,radio/TV,good,30000,30000,0,PSI Data
20,male,3,rent,little,little,12,radio/TV,good,16000,16000,0,PSI Data
24,male,1,own,NA,little,21,car,good,8400,8400,0,PSI Data
27,male,2,own,NA,moderate,36,education,good,5600,5600,0,PSI Data
46,female,1,own,little,NA,15,car,good,25000,25000,0,PSI Data
33,female,1,own,NA,moderate,9,car,good,27900,27900,0,PSI Data
34,female,2,own,little,NA,36,radio/TV,good,10000,10000,0,PSI Data
25,female,2,own,NA,moderate,30,radio/TV,good,35000,35000,0,PSI Data
28,male,2,own,rich,NA,11,business,good,21600,21600,0,PSI Data
32,male,2,own,moderate,NA,10,car,good,18350,18350,0,PSI Data
28,female,2,own,little,NA,18,furniture/equipment,good,4000,4000,0,PSI Data
37,male,3,own,quite rich,NA,48,radio/TV,good,35000,35000,0,PSI Data
30,male,2,rent,little,moderate,12,car,good,9000,9000,0,PSI Data
21,female,2,rent,little,little,18,furniture/equipment,good,10000,10000,0,PSI Data
58,male,2,own,NA,NA,30,radio/TV,good,35000,35000,0,PSI Data
43,male,1,own,little,little,12,car,good,20000,20000,0,PSI Data
24,male,1,own,little,little,24,furniture/equipment,good,10000,10000,0,PSI Data
30,male,2,own,little,NA,9,car,good,7000,7000,0,PSI Data
42,male,2,own,quite rich,NA,12,radio/TV,good,18000,18000,0,PSI Data
23,female,2,own,little,little,12,radio/TV,good,11000,11000,0,PSI Data
30,male,3,rent,little,moderate,6,radio/TV,good,12000,12000,0,PSI Data
46,male,3,own,NA,NA,24,car,good,18000,18000,0,PSI Data
45,male,3,own,NA,NA,12,car,good,8000,8000,0,PSI Data
31,male,1,own,little,NA,10,car,good,6000,6000,0,PSI Data
31,male,2,own,NA,NA,24,furniture/equipment,good,21000,21000,0,PSI Data
42,male,1,own,little,NA,4,car,good,17000,17000,0,PSI Data
46,female,2,rent,little,little,15,furniture/equipment,good,7000,7000,0,PSI Data
30,female,2,own,quite rich,moderate,48,car,good,21000,21000,0,PSI Data
38,male,3,own,NA,NA,12,car,good,14000,14000,0,PSI Data
40,male,0,own,little,moderate,18,business,good,31950,31950,0,PSI Data
29,female,2,own,little,little,12,car,good,11200,11200,0,PSI Data
57,female,3,rent,rich,little,24,radio/TV,good,15875,15875,0,PSI Data
49,male,1,own,NA,rich,30,radio/TV,good,5500,5500,0,PSI Data
37,male,1,own,little,moderate,9,radio/TV,good,9800,9800,0,PSI Data
30,male,2,free,moderate,moderate,24,furniture/equipment,good,7350,7350,0,PSI Data
30,male,2,rent,little,NA,6,radio/TV,good,4000,4000,0,PSI Data
47,male,2,own,little,moderate,21,car,good,6400,6400,0,PSI Data
29,male,2,own,NA,NA,15,car,good,28000,28000,0,PSI Data
22,male,1,own,little,moderate,6,repairs,good,15000,15000,0,PSI Data
26,female,2,own,NA,moderate,30,radio/TV,good,22500,22500,0,PSI Data
54,female,3,rent,little,NA,15,radio/TV,good,9500,9500,0,PSI Data
29,male,2,rent,NA,NA,42,radio/TV,good,10000,10000,0,PSI Data
40,male,1,own,little,little,11,car,good,10000,10000,0,PSI Data
22,male,2,own,moderate,moderate,15,repairs,good,12000,12000,0,PSI Data
43,male,1,own,little,NA,24,car,good,14500,14500,0,PSI Data
33,female,2,own,little,NA,30,radio/TV,good,19000,19000,0,PSI Data
57,female,1,own,quite rich,rich,24,radio/TV,good,15000,15000,0,PSI Data
64,female,2,own,little,moderate,6,radio/TV,good,25000,25000,0,PSI Data
42,male,2,own,NA,moderate,18,business,good,9600,9600,0,PSI Data
28,female,3,own,moderate,rich,21,car,good,4000,4000,0,PSI Data
30,male,1,own,little,NA,24,furniture/equipment,good,13300,13300,0,PSI Data
25,female,2,rent,little,little,15,furniture/equipment,good,12000,12000,0,PSI Data
33,male,2,own,little,rich,42,business,good,3500,3500,0,PSI Data
64,female,2,own,moderate,NA,13,radio/TV,good,12000,12000,0,PSI Data
29,male,3,free,little,little,24,car,good,16800,16800,0,PSI Data
48,male,1,own,little,moderate,24,radio/TV,good,9100,9100,0,PSI Data
37,male,1,own,NA,NA,12,education,good,3000,3000,0,PSI Data
34,male,1,own,moderate,NA,15,radio/TV,good,20000,20000,0,PSI Data
23,male,1,rent,NA,little,18,radio/TV,good,8000,8000,0,PSI Data
30,male,3,own,little,little,36,furniture/equipment,good,16200,16200,0,PSI Data
50,male,2,own,NA,NA,12,car,good,20000,20000,0,PSI Data
31,female,1,own,little,NA,12,furniture/equipment,good,11350,11350,0,PSI Data
40,male,3,own,little,little,30,car,good,3200,3200,0,PSI Data
38,male,2,own,little,NA,12,radio/TV,good,15475,15475,0,PSI Data
27,male,2,own,moderate,moderate,45,car,good,10000,10000,0,PSI Data
